﻿<?xml version="1.0" encoding="utf-8"?>
<?xml-stylesheet type="text/xsl" href="./texte.xsl" ?>
<modul startingpoint="q099" file="modul" autojump="false">

	<scene name="schulungsraum">
		<scenelayer id="header_schatten" type="png" folder="assets" />
		<scenelayer folder="decks" id="leiste" type="png" x="0" y="623"/>
		<sceneavatar name="ms_wong_pepsico" scalex=".50" scaley=".50" talking="true" x="800" y="2000"/>
		<textlayer/>
		<scenebutton folder="assets" id="prev" type="png" x="815" y="635">
			<jump type="prev"/>
		</scenebutton>
		<scenebutton folder="assets" id="next" type="png" x="915" y="635">
			<jump type="next"/>
		</scenebutton>
		<scenebutton folder="assets" id="repeat" type="png" x="99" y="635">
			<jump type="repeat"/>
		</scenebutton>
		<scenebutton buttonstyle="frame" id="button" x="673" y="635">
			<jump target="00_start" type="deck"/>
			<caption><![CDATA[M3 Back]]></caption>
		</scenebutton>
	</scene>
	<scene name="schulungsraum_ohne_text">
		<scenelayer id="header_schatten" type="png" folder="assets" />
		<scenelayer folder="decks" id="leiste" type="png" x="0" y="623"/>
		<sceneavatar name="ms_wong_pepsico" scalex=".50" scaley=".50" talking="true" x="800" y="2000"/>
		<scenebutton folder="assets" id="prev" type="png" x="815" y="635">
			<jump type="prev"/>
		</scenebutton>
		<scenebutton folder="assets" id="next" type="png" x="915" y="635">
			<jump type="next"/>
		</scenebutton>
		<scenebutton folder="assets" id="repeat" type="png" x="99" y="635">
			<jump type="repeat"/>
		</scenebutton>
		<scenebutton buttonstyle="frame" id="button" x="673" y="635">
			<jump target="00_start" type="deck"/>
			<caption><![CDATA[M3 Back]]></caption>
		</scenebutton>
		<scenebutton id="bt_explore" x="843" y="565" type="png" folder="buttons" >
			 <jump type="next" />
		 </scenebutton>
	</scene>
	
	<question id="q099" frame="1" >
		<usescene name="schulungsraum_ohne_text"/>
		<!--<text><![CDATA[M3 Welcome to the coaching on the five-minute sell. This is the PepsiCo Foods way of presenting any new opportunity to our customers.]]></text>-->
		<screentext name="header_m201"><![CDATA[M3 5-Minute Sell]]></screentext>
		<jumpto target="q100" />
	</question>

	<question id="q100" frame="2" >
		<usescene name="schulungsraum"/>
		<text><![CDATA[M3 Welcome to the coaching on the five-minute sell. This is the PepsiCo Foods way of presenting any new opportunity to our customers.]]></text>
		<screentext name="header_01"><![CDATA[M3 5-Minute Sell]]></screentext>
		<screentext name="header_m202"><![CDATA[M3 5-Minute Sell]]></screentext>
		<jumpto target="q101" />
	</question>

	<question id="q101" frame="3">
		<usescene name="schulungsraum"/>
		<text><![CDATA[M3 We will work through this important presentation technique for your benefits and so that you can coach other PEPSI employees to use this presentation technique to achieve even more with their customers, so let’s get started.]]></text>
		<screentext name="header_01"><![CDATA[M3 5-Minute Sell]]></screentext>

		<jumpto target="q102" />
	</question>

	<question id="q102" frame="4">
		<usescene name="schulungsraum" />
		<text><![CDATA[M3 The five-minute sell covers five key steps and stands for Identify the sales growth opportunity, Match the opportunity with customer benefit. Make recommendations / deal with objections. Ask for the business / gain agreement and Follow-up.]]></text>
		<screentext name="header_01"><![CDATA[M3 5-Minute Sell]]></screentext>


		<jumpto target="q103" />
	</question>

	<question id="q103" frame="5">
		<usescene name="schulungsraum" />
		<text><![CDATA[M3 Whether you are presenting a new product, a promotion or a merchandising related opportunity: The five-minute sell applies.]]></text>
		<screentext name="header_01"><![CDATA[M3 5-Minute Sell]]></screentext>


		<jumpto target="q104" />
	</question>

	<question id="q104" frame="6">
		<usescene name="schulungsraum" />
		<text><![CDATA[M3 Step one, Identify the sales growth opportunity is when you assess the opportunities in the store and select the one that will have the most impact on sales performance.]]></text>
		<screentext name="header_01"><![CDATA[M3 5-Minute Sell]]></screentext>
		<screentext name="header_02"><![CDATA[M3 Step 1 - Identify The Sales Growth Opportunity]]></screentext>

		<jumpto target="q105" />
	</question>

	<question id="q105" frame="7">
		<usescene name="schulungsraum" />
		<text><![CDATA[M3 Step two, Match the opportunity with customer benefit, in pointing out to the customer how the opportunity will benefit them.]]></text>
		<screentext name="header_01"><![CDATA[M3 Step 1 - Identify The Sales Growth Opportunity]]></screentext>
		<screentext name="header_02"><![CDATA[M3 Step 2 - Match The Opportunity With Customer Benefit]]></screentext>

		<jumpto target="q106" />
	</question>

	<question id="q106" frame="8">
		<usescene name="schulungsraum" />
		<text><![CDATA[M3 A good example is to always relate the opportunity to what it means in financial terms for example, more profit or higher turnover.]]></text>
		<screentext name="header_01"><![CDATA[M3 Step 2 - Match The Opportunity With Customer Benefit]]></screentext>
		<screentext name="text_02"><![CDATA[M3 Opportunity]]></screentext>
		<screentext name="text_03"><![CDATA[M3 Solution]]></screentext>
		<jumpto target="q107" />
	</question>

	<question id="q107" frame="9">
		<usescene name="schulungsraum" />
		<text><![CDATA[M3 Always look at the opportunity through the customer’s eyes and communicate accordingly.]]></text>
		<screentext name="header_01"><![CDATA[M3 Step 2 - Match The Opportunity With Customer Benefit]]></screentext>
		<screentext name="text_02"><![CDATA[M3 Opportunity]]></screentext>
		<screentext name="text_03"><![CDATA[M3 Solution]]></screentext>
		<jumpto target="q108" />
	</question>

	<question id="q108" frame="10">
		<usescene name="schulungsraum" />
		<text><![CDATA[M3 Step three is make recommendations and deal with objections. ]]></text>
		<screentext name="header_01"><![CDATA[M3 Step 2 - Match The Opportunity With Customer Benefit]]></screentext>
		<screentext name="header_02"><![CDATA[M3 Step 3 - Make Recommendations And Deal With Objections]]></screentext>
		<jumpto target="q109" />
	</question>

	<question id="q109" frame="11">
		<usescene name="schulungsraum" />
		<text><![CDATA[M3 At this step you should be very specific about what actions need to be taken to support the opportunity, and be prepared to answer your customer’s questions or concerns.]]></text>
		<screentext name="header_01"><![CDATA[M3 Step 3 - Make Recommendations And Deal With Objections]]></screentext>

		<jumpto target="q110" />
	</question>

	<question id="q110" frame="12">
		<usescene name="schulungsraum" />
		<text><![CDATA[M3 Step four is Ask for the business and gain agreement.]]></text>
		<screentext name="header_01"><![CDATA[M3 Step 3 - Make Recommendations And Deal With Objections]]></screentext>
		<screentext name="header_02"><![CDATA[M3 Step 4 - Ask For The Business And Gain Agreement]]></screentext>		

		<jumpto target="q111" />
	</question>

	<question id="q111" frame="13">
		<usescene name="schulungsraum" />
		<text><![CDATA[M3 Be specific in suggesting a way forward, don’t wait for the customer to make the decision, help the customer by suggesting what actions should be taken.]]></text>
		<screentext name="header_01"><![CDATA[M3 Step 4 - Ask For The Business And Gain Agreement]]></screentext>
		
		<jumpto target="q112" />
	</question>
	
	<question id="q112" frame="14">
		<usescene name="schulungsraum" />
		<text><![CDATA[M3 The fifth and final step is Follow-up. Here you are re- confirming with the customer what actions are to be taken and it is always good to re-emphasize the benefit the customer will gain so they feel good about the decision they have made.]]></text>
		<screentext name="header_01"><![CDATA[M3 Step 4 - Ask For The Business And Gain Agreement]]></screentext>
		<screentext name="header_02"><![CDATA[M3 Step 5 - Follow-Up]]></screentext>		
		<jumpto target="q113" />
	</question>

	<question id="q113" frame="15">
		<usescene name="schulungsraum" />
		<text><![CDATA[M3 You can use the 5-minute sell to influence your customers to improve the quality of execution of PepsiCo products.]]></text>
		<screentext name="header_01"><![CDATA[M3 Step 5 - Follow-Up]]></screentext>
		<screentext name="header_02"><![CDATA[M3 Sales Building Blocks]]></screentext>
		<jumpto target="q129" />
	</question>

	
	<question id="q129" frame="31">
		<usescene name="schulungsraum" />
		<text><![CDATA[M3 To learn more about the different buyer personality types move on to the next coaching.]]></text>
		<screentext name="header_01"><![CDATA[M3 Summary]]></screentext>
		
		<setstar type="gold" />
		<validattempt type="true" />
		<extrapoints amount="500" />
	</question>
	
	<!--Texte für Übersetzung statements-->
	<meinText>
		<mtext id="1"><![CDATA[M3 Distribution]]></mtext>
		<mtext id="2"><![CDATA[M3 Space]]></mtext>
		<mtext id="3"><![CDATA[M3 Location]]></mtext>
		<mtext id="4"><![CDATA[M3 Range]]></mtext>
		<mtext id="5"><![CDATA[M3 Appearance]]></mtext>
		<mtext id="6"><![CDATA[M3 Promotion]]></mtext>
		<mtext id="7"><![CDATA[M3 Service]]></mtext>
		<mtext id="8"><![CDATA[M3 Freshness]]></mtext>
	</meinText>

</modul>
